id,conversation_id,start_at,分类,category,rounds,score,inboundHits,vaHits,sceneTags,vasc,eb,wi,omsClass,omsOrderNo,omsScene
76792,7628456036743888905,2026/05/22 08:47,系统,"ERP和平台同步,ERP和平台同步,出库,尾程,ERP和平台同步,出库,出库,ERP和平台同步,转人工,转人工,入库,入库,入库,转人工,转人工,入库,入库,转人工,商品,出库,转人工,转人工,出库,转人工,出库,转人工,出库,转人工,出库,出库,转人工,转人工,转人工,商品,商品,出库,商品,出库,基本业务和政策介绍,商品,出库,ERP和平台同步,转人工,转人工,基本业务和政策介绍,转人工,ERP和平台同步,转人工,ERP和平台同步,转人工,ERP和平台同步,基本业务和政策介绍",25,116.0,异常单|无法上架|商品条码|入库单|到仓|WI,增值单|提交增值|非标增值,F-001|A,,,WI49267501,,,
130654,7678213890718957604,2026/08/26 13:52,,"转人工,Other intentions,入库,转人工,转人工,转人工",6,115.12,异常单|条码异常|包裹条码|辨识|入库单|到仓|EB,提交增值,F-001|B,VASC202407031503503|VASC202407161056217,EB0126082232399565,,,,
23617,7572485424556441635,2025/11/29 09:59,无,,9,100.0,异常单|无法上架|商品条码|入库单|到仓,增值单|提交增值|非标增值,F-001|A,,,,,,
76562,7566602602697490478,2026/05/22 08:57,增值,"入库,地址咨询,退货,转人工",3,83.78,异常单|WI|EB,增值单|下增值|VASC,,VASC000000285546,EB0126052029604774,WI48898026,inbound_other,VASC000000285546,【入库】包裹串仓异常调拨
122154,7522671921138303016,2026/08/12 18:42,基本业务和政策介绍,"转人工,入库,价格方案,转人工,入库,财务、充值和结算,库存管理,出库,入库,入库,价格方案,入库,财务、充值和结算,Other intentions,Other intentions,转人工,转人工,库存管理,价格方案,入库,价格方案",12,80.0,条码异常|包裹条码|EB,提交增值|VASC,F-001,VASC202407031503503|VASC202407161056217,EB0126081232158380,,inbound_other,VASC000000333915|VASC000000334548|VASC000000334815|VASC000000334821|VASC000000335184,【入库】批量辨识商品后补贴商品条码及包裹条码上架
98302,7657091023184625704,2026/06/30 15:44,,"索赔,基本业务和政策介绍,库存管理,入库,入库",4,75.34,条码异常|换标|包裹条码|EB,增值单|下增值,F-001,,EB0126050829323080,,,,
102560,7618211993099796518,2026/07/08 14:14,增值,"库存管理,Other intentions,Other intentions,转人工,入库,转人工,入库,入库,Other intentions",8,73.38,异常单|WI|EB,增值单|VASC,,VASC000000313551,EB0526070731087833,WI50336644,out_of_scope,VASC000000313551,【库内】覆盖A包包裹外箱上的商品标签
97600,7656815518394138633,2026/06/29 21:55,,入库,2,73.04,条码异常|包裹条码|入库单|WI,增值单|下增值,F-001,,,WI49591924,,,
88000,7616302246116393002,2026/06/11 09:07,,"入库,库存管理,入库,库存管理,转人工,转人工,入库,库存管理,库存管理,入库,库存管理,入库,库存管理,转人工,转人工",10,69.74,换标|更换条码|商品条码|入库单,增值单|下增值,F-001,,,,,,
111073,7545308601440682024,2026/07/23 09:40,入库,"出库,转人工,入库,转人工,转人工,入库",4,69.3,包裹异常|入库单|WI|EB,处理异常,A,,EB0126072331542522,WI49922736,inbound_other,VASC000000324000,
98282,7656824022987030580,2026/06/30 21:39,,"入库,入库,入库,Other intentions,Other intentions,出库",6,68.46,入库单|EB,增值单|下增值|VASC,,VASC000000290724|VASC000000294237,EB0126040628614246,,inbound_other|out_of_scope,VASC000000262299|VASC000000290724|VASC000000294237,【出库】补贴/更换商品标签|仓库已完成 需补收费用
5136,7524983882375053338,2025/07/10 18:18,,,1,65.98,包裹条码|辨识|入库单|到仓,提交增值,F-001|B,,,,,,
41780,7594388784277045257,2026/02/07 09:42,入库,"入库,出库,退货,入库,入库,转人工,入库,入库,入库,直发送仓,转人工,入库,直发送仓,转人工",7,65.5,异常单|入库单|到仓|WI,提交增值,B,,,WI48294365,,,
22950,7533589357878509611,2025/11/26 16:31,入库,,5,65.28,异常单|贴标|商品条码|EB,提交增值,F-001,,EB0125112624601155,,inbound_other,VASC000000197421|VASC000000197898|VASC000000201336|VASC000000201987|VASC000000202023|VASC000000202032,
57371,7527147724408979492,2026/04/20 09:27,系统,"账号和权限,入库,转人工,账号和权限,入库,账号和权限,转人工,入库,转人工,账号和权限,转人工,入库",5,64.38,异常单|入库单|WI|EB,处理异常,,,EB0326041028727481,WI48273393,inbound_other,VASC000000268920|VASC000000268926,
99701,7657818314115153956,2026/07/02 14:47,入库,"入库,入库,入库,库存管理",4,62.46,WI|EB,增值单|VASC,,VASC000000262299,EB0126031127872772,WI48567547,inbound_other,VASC000000251025|VASC000000262299,
56590,7599610465099317311,2026/04/17 10:55,入库,"入库,入库,转人工,入库,转人工,商品,入库,入库,入库,财务、充值和结算",7,61.34,商品条码|包裹条码|入库单,增值单|非标增值,F-001,,,,,,
33576,7591396937698476042,2026/01/04 14:57,账户,"入库,库存管理,系统故障和投诉,入库,库存管理,入库,库存管理,转人工",3,59.3,异常单|条码异常|包裹条码,创建增值|处理异常,F-001,,,,,,
88428,7650132069839126579,2026/06/11 21:40,,"库存管理,入库,商品,入库,基本业务和政策介绍",3,55.48,换标|入库单,增值单|提交增值,F-001|B,,,,,,
38307,7579454807707254811,2026/01/20 16:47,,"入库,入库,入库,入库,商品,直发送仓,入库",5,55.32,异常单|贴标|辨识,做增值,F-001,,,WI47808606,,,
30664,7533788262306103311,2025/12/24 09:32,,"价格方案,转人工,入库,入库,转人工,入库,转人工,入库,入库,转人工,转人工,转人工,转人工,转人工",11,54.56,WI|EB,增值单|下增值,,,EB0225122325529571,WI47086894,,,
119772,7625859950866890798,2026/08/07 07:43,增值,"入库,入库,商品,入库,转人工,转人工,入库,商品",4,51.44,异常单|EB,增值单|创建增值,,,EB0126080732049456,,inbound_other,VASC000000331593,
11336,7540960307083427867,2025/08/21 16:57,增值,,8,50.18,EB,VASC,F-001|A,VASC000000145888|VASC000000145897,EB0125081421862033,,inbound_other,VASC000000145888|VASC000000145897,
85324,7631060470091497481,2026/06/06 14:37,,"转人工,转人工,入库,库存管理,系统故障和投诉",3,49.1,异常单|EB,提交增值,B,,EB0126060230022710,WI48752558,inbound_other,VASC000000294384|VASC000000294390,
76563,7566602602697490478,2026/05/22 11:02,增值,"入库,库存管理,入库,库存管理,入库,入库,库存管理,转人工",4,48.72,WI,增值单|VASC,,VASC000000285546,,WI48898026,inbound_other,VASC000000285546,【入库】包裹串仓异常调拨
90965,7651902885655117876,2026/06/16 16:11,,"商品,入库,入库,商品,转人工,入库,转人工,转人工,商品,入库,系统故障和投诉",4,48.7,异常单|换标|换标签,处理异常,F-001,,,,,,
25803,7519759014356467721,2025/12/05 09:17,入库,,4,48.38,商品条码|到仓,增值单|创建增值,F-001,,,,,,
28741,7525701879431544868,2025/12/16 21:26,,"转人工,出库,出库,入库,库存管理",3,48.2,贴标,增值单|VASC,F-001,VASC000000207828,,,out_of_scope,VASC000000207828,
53660,7628060502920970278,2026/04/13 10:11,库内,"转人工,入库,库存管理,入库,转人工,入库,库存管理,转人工,入库,入库,库存管理,价格方案,库存管理,入库,库存管理,转人工,入库,转人工",10,47.3,到仓|WI,提交增值,B,,,WI48864424,inbound_other,VASC000000265047|VASC000000265050,
130545,7668565220126933007,2026/08/26 13:56,,"转人工,转人工,转人工,转人工,Other intentions,沟通打趣,入库",8,47.04,条码异常|包裹条码,处理异常,F-001,VASC202407031503503|VASC202407161056217,,,,,
74392,7539765652463403060,2026/05/19 14:16,入库,"转人工,转人工,转人工,转人工,转人工,转人工,入库,转人工,转人工,转人工,转人工",11,46.42,异常单|EB,处理异常,,,EB0326033128479549|EB0326041728879977,WI48696247|WI49320156,,,
133904,7670369249924186155,2026/09/01 15:12,,"入库,库存管理,系统故障和投诉",2,45.22,入库单,增值单|VASC,,VASC000000335862,,WI51723153,unknown,VASC000000335862,
7669,7534546796974997514,2025/09/11 18:11,,,2,44.66,换标,增值单|VASC,F-001,VASC000000153870,,,out_of_scope,VASC000000153870,
125273,7674885663984287753,2026/08/17 14:36,增值,"系统故障和投诉,转人工,系统故障和投诉,入库,库存管理,出库,Other intentions",4,43.48,异常单,增值单|VASC,,VASC000000334710,,,inbound_other,VASC000000334710,
72858,7629747782312443910,2026/05/15 01:49,,"商品,商品,入库,入库,系统故障和投诉",3,42.58,异常单,增值单|VASC,,VASC000000282261|VASC000000282264|VASC000000282267|VASC000000282270,,,inbound_other,VASC000000282261|VASC000000282264|VASC000000282267|VASC000000282270,
99726,7657918841910394914,2026/07/02 21:17,增值,入库,1,42.54,入库异常,增值单|VASC,,VASC000000294237,,,out_of_scope,VASC000000294237,仓库已完成 需补收费用
99727,7657919073963376690,2026/07/02 21:17,增值,"入库,库存管理",1,42.54,入库异常,增值单|VASC,,VASC000000294237,,,out_of_scope,VASC000000294237,仓库已完成 需补收费用
99728,7657919349797699610,2026/07/02 21:18,增值,入库,1,42.54,入库异常,增值单|VASC,,VASC000000294237,,,out_of_scope,VASC000000294237,仓库已完成 需补收费用
99729,7657921933132513332,2026/07/02 21:28,增值,入库,1,42.54,入库异常,增值单|VASC,,VASC000000294237,,,out_of_scope,VASC000000294237,仓库已完成 需补收费用
88794,7625859950866890798,2026/06/12 08:50,入库,"入库,出库,通知与待办,入库,出库,转人工,系统故障和投诉,入库,出库,转人工,转人工,转人工,Other intentions,Other intentions,转人工",8,41.76,入库单,增值单|VASC,,VASC000000297426,,,inbound_other,VASC000000297426,
91454,7636324414711922740,2026/06/17 14:56,,"转人工,Other intentions,入库,库存管理,转人工,转人工",5,41.0,异常单,增值单|VASC,,VASC000000299823,,,out_of_scope,VASC000000299823,
125174,7665235651638886419,2026/08/17 14:42,,"库存管理,出库,系统故障和投诉",2,40.82,异常单|EB,增值单,,,EB0125102423543970,WI46526914,,,
99708,7657839685168283654,2026/07/02 16:10,,"入库,Other intentions",2,40.74,入库单,增值单|VASC,,VASC000000294237,,,out_of_scope,VASC000000294237,仓库已完成 需补收费用
77724,7574994689527660578,2026/05/25 14:49,,"商品,入库,出库,转人工,入库,系统故障和投诉",2,40.46,异常单|EB,增值单,,,EB0126052229716230,,inbound_other,VASC000000287532,
56228,7520068640054755379,2026/04/17 09:41,增值,"转人工,库存管理,库存管理,系统故障和投诉,库存管理,系统故障和投诉",4,40.34,换标,增值单|非标增值,F-001,,,,,,
73019,7639638593036484658,2026/05/15 16:47,,"入库,退货,库存管理,入库,转人工",2,40.14,包裹条码|入库单,下增值,F-001,,,,,,
42940,7585021291628396587,2026/02/15 16:52,出库,"出库,系统故障和投诉,出库,出库,出库,转人工,出库,出库,出库,系统故障和投诉,转人工,入库,出库,库存管理,基本业务和政策介绍,Other intentions,出库,Other intentions,出库,出库,出库,出库,系统故障和投诉,出库,尾程,系统故障和投诉,转人工,出库,尾程,转人工",18,40.0,异常单|入库单,增值单,,,,,,,
104234,7654499486269685814,2026/07/10 09:39,,"转人工,通知与待办,转人工,通知与待办,转人工,系统故障和投诉,转人工,系统故障和投诉,系统故障和投诉,转人工",5,39.96,异常单,增值单|VASC,,VASC000000314709,,,inbound_other,VASC000000314709,
107596,7660058027248664611,2026/07/16 17:08,无,"Other intentions,系统故障和投诉,系统故障和投诉,转人工,转人工,系统故障和投诉",5,39.7,异常单,增值单|VASC,,VASC000000319305,,,inbound_other,VASC000000319305,
22565,7542351019398742055,2025/11/25 11:05,增值,,3,39.4,贴标,增值单|创建增值,F-001,,,,,,
97601,7656816456936718378,2026/06/29 21:59,入库,"入库,入库,Other intentions",3,39.4,EB,增值单|下增值,,,EB0126040628614246|EB0126050829323080,,inbound_other,VASC000000262299,
6758,7533603873257472052,2025/09/16 12:38,增值,,3,39.3,异常单|EB,增值单,,,EB0325081221810850,,,,
121059,7639638593036484658,2026/08/10 13:46,,"Other intentions,入库,库存管理,转人工,系统故障和投诉,出库,转人工",4,39.18,异常单|EB,提交增值,,,EB0126080832104293,,inbound_other,VASC000000332706|VASC000000332709|VASC000000332712,
61240,7534252710887997483,2026/04/25 09:47,入库,"转人工,转人工,入库,系统故障和投诉",3,38.84,入库单|EB,提交增值,,,EB0126042529056401,,,,
133061,7664902855921696774,2026/08/31 11:49,,"入库,入库",2,38.72,异常单|包裹条码,处理异常,F-001,,,,,,
52649,7594748122526646323,2026/04/11 14:24,,"出库,尾程,入库,入库,库存管理",3,38.6,EB,提交增值,B,,EB0126041128738830,,inbound_other,VASC000000265047|VASC000000265050,
66470,7593180290101559347,2026/05/06 09:45,库内,"入库,系统故障和投诉,转人工,系统故障和投诉",2,38.22,入库单|WI,增值单,,,,WI49284546,,,
88430,7650134468007510059,2026/06/11 21:49,出库,"出库,入库",1,38.14,入库单|WI,处理异常,,,,WI49952460,,,
74393,7539765652463403060,2026/05/19 16:42,,"转人工,转人工,转人工,转人工,转人工,转人工,转人工,转人工,转人工",9,37.94,异常单|EB,处理异常,,,EB0326033128479549|EB0326041728879977,,,,
111440,7647094941307502619,2026/07/23 15:45,,"库存管理,商品,系统故障和投诉,库存管理,商品,转人工,库存管理,商品",3,37.86,换标|换标签,增值单,F-001,,,,,,
125561,7609874676919140367,2026/08/18 09:11,入库,"转人工,入库,转人工,系统故障和投诉,转人工,入库,转人工",4,37.8,EB,VASC,,VASC000000337068,EB0126081832280636,,inbound_other,VASC000000337068,
78440,7569049921509982243,2026/05/26 09:02,出库,"商品,入库,Other intentions,转人工,转人工",4,37.5,补贴标,VASC,B,VASC000000287730,,,out_of_scope,VASC000000287730,【尾程】winit线下尾程询价
127625,7609874676919140367,2026/08/21 09:31,,"转人工,入库,转人工",2,37.32,EB,VASC,,VASC000000339267,EB0126082132375985,,inbound_other,VASC000000339267,
35550,7589109810269143080,2026/01/06 11:28,系统,"Other intentions,Other intentions,Other intentions,转人工,Other intentions,转人工",5,37.28,异常单|EB,处理异常,,,EB0525123025713393,,,,
56684,7627376532545421322,2026/04/17 16:39,,"转人工,转人工,商品,入库,系统故障和投诉,转人工,入库,系统故障和投诉",4,37.26,入库单|WI,提交增值,,,,WI49270538,,,
55445,7519712827372797993,2026/04/16 19:12,增值,"出库,尾程,商品,价格方案,价格方案,商品",3,37.0,贴标,VASC,F-001,VASC000000267531,,,inbound_other,VASC000000267531,
72542,7546749450548084772,2026/05/15 09:22,,"退货,转人工,退货,出库,退货,转人工,转人工,转人工",5,36.96,异常单|EB,处理异常,,,EB0226051429442612,,,,
86953,7647802104510005299,2026/06/09 10:05,,"入库,入库,系统故障和投诉,入库,系统故障和投诉",3,36.82,到仓|WI,非标增值,,,,WI49692932,,,
21026,7568409170073976866,2025/11/19 16:39,入库,,6,36.78,入库异常|换标,提交增值,F-001,,,,,,
22198,7572082281519792134,2025/11/24 10:14,入库,,8,36.76,入库单|WI,提交增值,,,,WI46302396,,,
104883,7545308601440682024,2026/07/13 16:42,,"转人工,Other intentions,转人工,系统故障和投诉",3,36.74,异常单|EB,处理异常,,,EB0126071331235295,,inbound_other,VASC000000316971,
63905,7633260247800627238,2026/04/29 18:41,,"转人工,基本业务和政策介绍,商品,库存管理",3,36.6,商品条码|包裹条码,增值单,F-001,,,,,,
17421,7503518979776970778,2025/11/01 16:47,,,1,36.28,条码异常|包裹条码,提交增值,F-001,,,,,,
54593,7628499999131959348,2026/04/14 14:37,,"入库,入库,库存管理,入库,入库,库存管理,财务、充值和结算",5,35.34,入库异常|入库单,处理异常,,,,,,,
123716,7583558266389037071,2026/08/14 09:07,,"库存管理,商品,商品,入库,商品,入库,转人工,库存管理,转人工",5,35.18,EB,增值单,A,,EB0526081432224989,,,,
123402,7667883088173875234,2026/08/13 16:03,增值,"入库,入库",2,35.02,入库单,增值单|提交增值,,,,,,,
84228,7638502559296897075,2026/06/04 16:21,增值,"入库,入库,入库,入库,转人工",4,34.62,入库单,增值单|创建增值,,,,,,,
37894,7520438618842726451,2026/01/19 11:42,,"入库,入库,入库,系统故障和投诉,入库,入库,系统故障和投诉,转人工",5,33.72,异常单,提交增值|处理异常,,,,,,,
76361,7519805269077999667,2026/05/22 13:42,入库,"入库,转人工,入库,入库,转人工,入库,出库,入库,入库,转人工,转人工,入库",8,33.6,异常单|入库单,增值单,,,,,,,
56286,7525265468450553866,2026/04/17 15:20,增值,"地址咨询,转人工,地址咨询,转人工,商品,价格方案,入库,出库,基本业务和政策介绍,价格方案,转人工,商品,转人工,商品,转人工",7,33.18,包裹条码,下增值,F-001,,,,,,
72333,7639638593036484658,2026/05/14 15:00,,"入库,入库,入库,库存管理,入库,转人工",4,33.0,异常货,增值单|下增值,,,,,,,
41524,7539027203910025266,2026/02/06 13:35,,入库,1,32.74,异常单|入库单,提交增值,,,,,,,
82218,7519805269077999667,2026/06/02 14:45,入库,"入库,入库,转人工,转人工,入库",3,32.6,异常单|入库单,增值单,,,,,,,
63618,7599610465099317311,2026/04/29 13:57,,"入库,转人工,转人工,转人工,转人工",5,32.58,异常单,增值单|创建增值,,,,,,,
75256,7611415677991927814,2026/05/20 18:43,,"基本业务和政策介绍,入库",2,32.2,入库单,增值单|下增值,,,,,,,
62942,7627376532545421322,2026/04/28 09:35,,"转人工,Other intentions,转人工,转人工,入库,价格方案,转人工,转人工",7,31.22,入库单,VASC,,VASC000000271959,,,inbound_other,VASC000000271959,
52612,7574980522105389075,2026/04/11 09:47,退货,"转人工,转人工,转人工,退货,系统故障和投诉,退货,系统故障和投诉,退货,转人工,系统故障和投诉",6,31.18,异常单,增值单|提交增值,,,,,,,
96258,7633652622213611560,2026/06/26 11:18,,"转人工,转人工,通知与待办,系统故障和投诉,通知与待办,转人工",4,30.66,到仓,提交增值,B,,,,,,
43433,7607820269344948234,2026/02/21 18:26,账户,"账号和权限,转人工,账号和权限,账号和权限,转人工,Other intentions,入库,入库,转人工,转人工,入库,入库,入库",10,30.4,EB,提交增值,,,EB0326021727123204,,,,
85746,7576229363516047394,2026/06/08 11:15,,"转人工,转人工,入库,转人工,转人工,入库,转人工,转人工,转人工,转人工,转人工,转人工",12,30.06,EB,增值单,,,EB0126060330071736,,,,
122153,7522671921138303016,2026/08/12 12:55,入库,"入库,库存管理,库存管理,库存管理,库存管理,价格方案,入库,价格方案",6,29.92,EB,非标增值,,,EB0126081232158380,,inbound_other,VASC000000333915|VASC000000334548|VASC000000334815|VASC000000334821|VASC000000335184,【入库】批量辨识商品后补贴商品条码及包裹条码上架
113680,7572094285957759003,2026/07/28 20:02,增值,"出库,出库,库存管理",2,29.78,贴标,增值单,F-001,,,,,,
130043,7543454053764071465,2026/08/26 15:38,库存,"基本业务和政策介绍,退货,入库,价格方案,入库,库存管理,入库,库存管理,财务、充值和结算,价格方案,库存管理",4,29.56,换标,开增值,F-001,,,,,,
77355,7640326521991413760,2026/05/23 15:26,,"入库,库存管理,商品,入库,系统故障和投诉,转人工,系统故障和投诉",4,29.26,EB,处理异常,,,EB01210417185096,,,,
103222,7603634656219775014,2026/07/09 11:42,,"财务、充值和结算,入库,基本业务和政策介绍",2,29.24,包裹条码,增值单,F-001,,,,,,
64515,7628076572294004788,2026/04/30 09:03,入库,"Other intentions,出库,入库,库存管理,转人工,转人工,出厂发运,转人工,出库",5,29.16,EB,处理异常,,,EB0126042729071026,,,,
328,7503501995492409395,2025/05/12 18:21,,,11,29.06,换标,处理异常,F-001,,,,,,
77185,7599511503298183222,2026/05/23 10:21,,"商品,入库,转人工,商品,入库,转人工,商品",4,28.96,包裹条码,提交增值,F-001,,,,,,
90544,7609874676919140367,2026/06/16 16:26,库内,"转人工,入库,库存管理,转人工",3,28.72,EB,提交增值,,,EB0126061330403,,,,
79495,7637826915529752585,2026/05/27 14:00,商品,"商品,入库,转人工",2,28.48,包裹条码,处理异常,F-001,,,,,,
81161,7537882467606167591,2026/05/30 11:01,出库,"入库,财务、充值和结算,价格方案,入库,转人工,Other intentions,Other intentions,入库,转人工,转人工",6,28.26,WI,提交增值,,,,WI47715542,,,
107617,7661880020726022150,2026/07/16 13:39,退货,"地址咨询,地址咨询,转人工,基本业务和政策介绍,库存管理,出厂发运,库存管理,价格方案,转人工,价格方案",7,27.76,贴标,非标增值,F-001,,,,,,
23159,7537248827360919604,2025/11/27 12:18,出库,,6,27.76,贴标,增值单,F-001,,,,,,
28629,7582175185459363875,2025/12/15 16:14,商品,"Other intentions,Other intentions,库存管理,商品,库存管理,商品,库存管理,商品,库存管理",6,27.62,商品条码,增值单,F-001,,,,,,
31469,7573661568152649762,2025/12/27 15:25,入库,"转人工,出库,尾程,转人工,出库,尾程,转人工,Other intentions,系统故障和投诉",4,27.0,EB,增值单,,,EB0125110423872992,,inbound_other,VASC000000186279,
24096,7579149581154287622,2025/12/02 14:51,库内,,3,26.78,换标,增值单,F-001,,,,,,
69250,7522652754033131556,2026/05/11 10:33,,"转人工,入库",2,26.78,WI,下增值,,,,WI47269025,,,
13645,7553533814359638067,2025/09/24 14:09,,,2,26.36,贴标,增值单,F-001,,,,,,
55623,7536396473387597843,2026/04/16 09:50,增值,"转人工,转人工,转人工,入库,商品,转人工,入库,转人工",6,25.18,入库单,处理异常,,,,,,,
84670,7592098075901460515,2026/06/05 16:24,增值,"转人工,账号和权限,Other intentions,转人工,转人工,入库,转人工,入库,转人工,入库",7,24.8,入库单,增值单,,,,,,,
8458,7535000485750145074,2025/09/26 08:44,,,2,24.64,WI,增值单,,,,WI45935732,,,
75590,7641852430610989071,2026/05/20 14:11,,"ERP和平台同步,库存管理,入库,价格方案,出库,尾程",5,24.4,入库单,增值单,,,,,,,
39355,7599553074159452194,2026/01/26 14:27,,"账号和权限,系统故障和投诉,入库,账号和权限,其他意图,账号和权限,出库,入库",4,23.82,入库单,提交增值,,,,,,,
112422,7554223530638000154,2026/07/25 09:42,入库,"退货,入库,转人工,商品,入库,库存管理,账号和权限,入库,库存管理",3,23.4,入库单,非标增值,,,,,,,
132791,7628477716681654318,2026/08/31 11:25,,"Other intentions,系统故障和投诉,入库,库存管理,出库,退货,退货,系统故障和投诉,退货,系统故障和投诉",4,23.32,异常单,处理异常,,,,,,,
73957,7628499999131959348,2026/05/18 16:50,退货,"入库,库存管理,财务、充值和结算,财务、充值和结算",3,23.32,入库单,增值单,,,,,,,
42839,7563562590866309162,2026/02/14 22:51,,"转人工,Other intentions,入库",3,23.04,异常单,处理异常,,,,,,,
55913,7616302246116393002,2026/04/16 11:38,,"财务、充值和结算,转人工,入库,转人工,入库,转人工,入库",4,22.88,入库单,处理异常,,,,,,,
31340,7587253913688014863,2025/12/26 17:06,,"商品,入库,转人工,账号和权限,账号和权限,转人工",4,22.6,异常单,处理异常,,,,,,,
51602,7625843570021154859,2026/04/07 10:48,,入库,1,22.32,异常单,处理异常,,,,,,,
125489,7573574403473260582,2026/08/18 10:37,,"转人工,尾程,转人工,出库,尾程,出库,尾程,转人工",4,21.04,异常单,处理异常,,,,,,,
47793,7520813157024055315,2026/03/18 16:43,库存,"商品,库存管理,库存管理,库存管理",3,20.96,异常单,处理异常,,,,,,,
125000,7637406534708445222,2026/08/17 09:39,,"系统故障和投诉,系统故障和投诉",2,20.84,异常单,增值单,,,,,,,
74164,7639638593036484658,2026/05/18 17:48,,"库存管理,账号和权限",1,20.68,异常单,下增值,,,,,,,
85975,7630728066834776099,2026/06/08 10:52,,"转人工,退货,退货,退货,退货,转人工",5,20.68,异常单,处理异常,,,,,,,
50569,7579569327981690907,2026/04/01 19:15,入库,"出库,尾程,系统故障和投诉,出库,尾程,转人工,系统故障和投诉,尾程,系统故障和投诉,系统故障和投诉,Other intentions,出库,尾程,系统故障和投诉",5,20.62,异常单,处理异常,,,,,,,
97580,7656707805999579162,2026/06/29 14:57,,"Other intentions,库存管理,财务、充值和结算",2,20.44,异常单,增值单,,,,,,,
4468,7524153054967595044,2025/07/07 09:56,,,1,20.36,入库单,处理异常,,,,,,,
35302,7591703374119518208,2026/01/05 10:46,,"沟通打趣,转人工,转人工",3,20.32,异常单,处理异常,,,,,,,
57295,7520138065247993891,2026/04/20 14:20,,"ERP和平台同步,转人工,系统故障和投诉,ERP和平台同步,系统故障和投诉,转人工",2,20.26,异常单,处理异常,,,,,,,
41902,7529501962635575342,2026/02/09 14:53,,,1,20.22,入库单,增值单,,,,,,,
24244,7575732792546869274,2025/12/02 11:44,,,1,20.14,异常单,处理异常,,,,,,,
