alias,orderNo,statusDesc,createdIso,warehouseCode,ebsOfficial,ebsAll,wis,sopChars,chatLayer,udeskSessions,feishuHits
A,VASC000000271665,已完成,2026-04-24T07:25:03+00:00,US0001,,,WI49508612,174,feishu,0,1
A,VASC000000293940,已完成,2026-06-05T07:50:40+00:00,USKY5,,,WI49968900,92,both,0,1
A,VASC000000296319,已完成,2026-06-10T06:21:43+00:00,USWC5,EB0126060630160083;EB0126060630160512;EB0126060630160764;EB0126060630160818;EB0126060630160848;EB0126060630160869;EB0126060630160872,EB0126060630160083;EB0126060630160512;EB0126060630160764;EB0126060630160818;EB0126060630160848;EB0126060630160869;EB0126060630160872,WI50387161,113,feishu,0,1
A,VASC000000296325,异常终止,2026-06-10T06:26:34+00:00,USWC2,EB0126060330030603,EB0126060330030603,WI49040703,157,feishu,0,1
A,VASC000000301812,已完成,2026-06-20T07:23:59+00:00,USWC5,,,WI49769100;WI50566982,80,both,0,1
A,VASC000000311520,已取消,2026-07-03T07:29:34+00:00,USGA,,,WI50823998,372,feishu,0,1
A,VASC000000319617,已完成,2026-07-16T10:01:33+00:00,DEBR2,EB0126070230988464,EB0126070230988464,WI51052110,119,none,0,0
A,VASC000000329235,已完成,2026-08-03T08:22:07+00:00,US0001,EB0126073131782432;EB0126073131782510;EB0126073131782618;EB0126073131782987,EB0126073131782432;EB0126073131782510;EB0126073131782618;EB0126073131782987,WI51519902,313,none,0,0
A,VASC000000330510,已完成,2026-08-05T06:23:28+00:00,EWD,EB0326080331871097,EB0326080331871097,WI51576425,156,none,0,0
A,VASC000000330957,已完成,2026-08-06T02:14:49+00:00,USWC5,EB0126073131829337,EB0126073131829337,WI51598958,151,none,0,0
A,VASC000000331374,异常终止,2026-08-06T09:34:15+00:00,USKY5,EB0126080531969893,EB0126080531969893,WI51095972,159,none,0,0
A,VASC000000332697,异常终止,2026-08-10T04:25:30+00:00,US0001,EB0126080531930887,EB0126080531930887,WI51688686,142,none,0,0
A,VASC000000342420,已完成,2026-08-26T08:00:20+00:00,DENW3,EB0126081932324742;EB0126081932324811,EB0126081932324742;EB0126081932324811,WI51652234,136,none,0,0
A,VASC000000342426,已完成,2026-08-26T08:01:48+00:00,DENW3,EB0126081932302560;EB0126081932324574,EB0126081932302560;EB0126081932324574,WI51652234,107,none,0,0
A,VASC000000342429,已完成,2026-08-26T08:02:57+00:00,DENW3,EB0126081932323983;EB0126081932324199;EB0126081932324412,EB0126081932323983;EB0126081932324199;EB0126081932324412,WI51652234,146,none,0,0
B,VASC000000270000,已完成,2026-04-22T01:04:55+00:00,DE0001,EB0126032028217574,EB0126032028217574,,394,feishu,0,2
B,VASC000000270393,已完成,2026-04-22T08:02:10+00:00,DEBR2,,,WI48849003,402,both,1,1
B,VASC000000274572,已完成,2026-04-30T05:52:48+00:00,UKGF,EB0126042929137338,EB0126042929137338,,425,feishu,0,2
B,VASC000000277680,已取消,2026-05-07T08:29:21+00:00,USKY3,EB0126050529256237,EB0126050529256237,,479,both,1,1
B,VASC000000277692,已取消,2026-05-07T08:49:09+00:00,USKY3,EB0126050529256120,EB0126050529256120,,481,both,1,1
B,VASC000000278778,已完成,2026-05-09T01:37:00+00:00,DEBR2,EB0126050729300937;EB0126050729300985;EB0126050729301732;EB0126050829337246;EB0126050829339646,EB0126050729300937;EB0126050729300985;EB0126050729301732;EB0126050829337246;EB0126050829339646,,530,feishu,0,2
B,VASC000000279183,已完成,2026-05-09T08:04:20+00:00,DEBR2,EB0126050529243448;EB0126050629274111;EB0126050829336904;EB0126050829339373;EB0126050829339553,EB0126050529243448;EB0126050629274111;EB0126050829336904;EB0126050829339373;EB0126050829339553,,435,feishu,0,1
B,VASC000000279456,已完成,2026-05-11T03:10:18+00:00,UKTW,EB0326043029163189,EB0326043029163189,WI48655204,388,feishu,0,1
B,VASC000000281031,已下单,2026-05-13T02:57:33+00:00,USKY3,,,,543,both,0,1
B,VASC000000284205,已完成,2026-05-19T02:56:53+00:00,USKY3,EB0126051329421636,EB0126051329421636,,135,feishu,0,1
B,VASC000000285234,已完成,2026-05-20T07:18:24+00:00,USKY3,EB0126051329421717,EB0126051329421717,,111,feishu,0,1
B,VASC000000285261,已完成,2026-05-20T07:45:37+00:00,USKY3,EB0126051329421981,EB0126051329421981,,125,none,0,0
B,VASC000000285264,已完成,2026-05-20T07:47:52+00:00,USKY3,EB0126051329421846,EB0126051329421846,,134,none,0,0
B,VASC000000286890,已完成,2026-05-22T10:15:50+00:00,UKTW,EB0126052129669781,EB0126052129669781,,207,feishu,0,1
B,VASC000000286989,已取消,2026-05-23T02:08:56+00:00,DEBR2,EB0326052129678142,EB0326052129678142,,255,none,0,0
B,VASC000000288954,已完成,2026-05-27T09:39:47+00:00,USWC5,EB0126052029560911;EB0126052029560983;EB0126052029560986;EB0126052029560992;EB0126052029560995,EB0126052029560911;EB0126052029560983;EB0126052029560986;EB0126052029560992;EB0126052029560995,,197,both,0,1
B,VASC000000289497,已完成,2026-05-28T08:31:36+00:00,DEBR2,EB0126052729831589,EB0126052729831589,WI49520521,158,feishu,0,1
B,VASC000000289785,已完成,2026-05-29T02:02:21+00:00,UKTW,EB0126052929877756,EB0126052929877756,,171,udesk,0,0
B,VASC000000290832,已取消,2026-06-01T05:52:30+00:00,USKY5,,,WI49618325,127,both,0,1
B,VASC000000291057,已取消,2026-06-01T09:12:55+00:00,USKY3,EB0126052829870964,EB0126052829870964,,91,feishu,0,1
B,VASC000000291831,已完成,2026-06-02T09:07:24+00:00,DE0001,EB0126060129969022,EB0126060129969022,,283,feishu,0,1
B,VASC000000292422,已完成,2026-06-03T08:21:04+00:00,DEBR2,EB0126060129968335;EB0126060129969889,EB0126060129968335;EB0126060129969889,,117,feishu,0,2
B,VASC000000292905,已完成,2026-06-04T03:18:22+00:00,USTX,EB0126052629790804;EB0126052629790807;EB0126052629790828,EB0126052629790804;EB0126052629790807;EB0126052629790828,,133,feishu,0,2
B,VASC000000297567,已完成,2026-06-12T03:06:30+00:00,US0001,EB0126061230347100;EB0126061230347112;EB0126061230347115,EB0126061230347100;EB0126061230347112;EB0126061230347115,,127,both,0,1
B,VASC000000297618,已完成,2026-06-12T03:56:24+00:00,DEBR2,EB0126060129968335;EB0126060129969889,EB0126060129968335;EB0126060129969889,,110,feishu,0,2
B,VASC000000297642,异常终止,2026-06-12T05:13:25+00:00,USWC5,,,WI49769100,145,both,0,1
B,VASC000000298617,已完成,2026-06-15T03:55:22+00:00,USKY3,EB0326061230366204;EB0326061230366501,EB0326061230362709;EB0326061230366204;EB0326061230366501,,139,feishu,0,1
B,VASC000000298641,已取消,2026-06-15T06:11:53+00:00,DEBR2,EB0126061230382677,EB0126061230382677,,146,feishu,0,1
B,VASC000000300534,已完成,2026-06-18T02:20:40+00:00,USWC5,,,WI49769100,147,both,0,1
B,VASC000000300915,已取消,2026-06-18T06:43:09+00:00,USKY5,EB0126061630448350,EB0126061630448350,,173,none,0,0
B,VASC000000304053,已完成,2026-06-23T02:26:21+00:00,USGA,,,WI49769100,147,both,0,1
B,VASC000000305433,已取消,2026-06-24T02:25:56+00:00,USKY3,EB0126062330660999,EB0126062330660999,,123,feishu,0,1
B,VASC000000305556,已完成,2026-06-24T05:49:11+00:00,US0001,,EB0126061930546906;EB0126061930546936;EB0126061930546948;EB0126062030578226,,132,both,0,1
B,VASC000000305634,已完成,2026-06-24T06:14:32+00:00,US0001,,EB0126062430664470;EB0126062430664491,,94,both,0,1
B,VASC000000305787,已完成,2026-06-24T07:05:50+00:00,USKY3,EB0326062430682713;EB0326062430682779;EB0326062430682944;EB0326062430683001;EB0326062430683055;EB0326062430683283,EB0326062430682713;EB0326062430682779;EB0326062430682944;EB0326062430683001;EB0326062430683055;EB0326062430683283,,376,none,0,0
B,VASC000000306384,已完成,2026-06-25T03:24:09+00:00,EWD,,EB0326062430681051,,162,feishu,0,1
B,VASC000000306696,已完成,2026-06-25T08:51:58+00:00,EWD,,EB0126062430689502,,250,feishu,0,2
B,VASC000000313380,已完成,2026-07-07T06:48:30+00:00,DEBR2,,EB0126070431055259,,118,feishu,0,1
B,VASC000000313416,已取消,2026-07-07T07:11:15+00:00,EWD,,,WI49727828,176,feishu,0,2
B,VASC000000313974,已完成,2026-07-08T02:54:07+00:00,USKY3,EB0126070831111026,EB0126070831111026,WI50300196,121,feishu,0,1
B,VASC000000315135,已取消,2026-07-09T07:10:27+00:00,USKY5,EB0126070931158984,EB0126070931158984,,108,feishu,0,1
B,VASC000000315159,已完成,2026-07-09T07:22:17+00:00,USKY3,,EB0126070130909660;EB0126070130909693,,323,feishu,0,1
B,VASC000000315510,已取消,2026-07-09T17:55:29+00:00,USKY3,EB0126070931170489,EB012607093117048;EB0126070931170489,,88,none,0,0
B,VASC000000317238,已完成,2026-07-14T02:02:56+00:00,UKTW,EB0126070831139790,EB0126070831139790,,87,none,0,0
B,VASC000000320358,已完成,2026-07-17T07:27:05+00:00,USKY3,,,WI50960402,233,none,0,0
B,VASC000000320388,已完成,2026-07-17T07:42:21+00:00,USWC2,,,WI50925511,230,none,0,0
B,VASC000000321645,异常终止,2026-07-20T10:29:19+00:00,DEBR2,EB0126071431268115,EB0126071431268115,,110,feishu,0,1
B,VASC000000324069,已取消,2026-07-24T04:17:18+00:00,USKY5,,EB0126072431576851;EB0126072431576908;EB0126072431576914;EB0126072431576923,,198,none,0,0
B,VASC000000324297,已取消,2026-07-24T07:37:01+00:00,USKY5,EB0126072431593729,EB0126072431593729,,120,none,0,0
B,VASC000000324828,已完成,2026-07-26T03:40:25+00:00,USKY5,EB0126072431576842;EB0126072431576851;EB0126072431576923,EB0126072431576842;EB0126072431576851;EB0126072431576923,,166,none,0,0
B,VASC000000326529,已完成,2026-07-29T02:47:57+00:00,US0001,EB0126072931699842;EB0126072931699863;EB0126072931699866;EB0126072931699887;EB0126072931699896;EB0126072931699908;EB0126072931699938;EB0126072931699947;EB0126072931699953;EB0126072931699968;EB0126072931699980;EB0126072931699998,EB0126072931699842;EB0126072931699863;EB0126072931699866;EB0126072931699887;EB0126072931699896;EB0126072931699908;EB0126072931699938;EB0126072931699947;EB0126072931699953;EB0126072931699968;EB0126072931699980;EB0126072931699998,,156,none,0,0
B,VASC000000326538,已完成,2026-07-29T02:51:21+00:00,US0001,EB0126072531606905,EB0126072531606905,,156,none,0,0
B,VASC000000327021,已完成,2026-07-29T09:25:18+00:00,DE0001,EB0126072831680714,EB0126072831680714,,125,feishu,0,1
B,VASC000000327483,已完成,2026-07-30T04:16:20+00:00,USKY5,EB0126072331571364;EB0126072431576986;EB0126073031742502;EB0126073031742511;EB0126073031742547;EB0126073031742550;EB0126073031742556;EB0126073031742562;EB0126073031742589;EB0126073031742592;EB0126073031742607;EB0126073031742610;EB0126073031742613;EB0126073031742616;EB0126073031742634;EB0126073031742646;EB0126073031742655;EB0126073031742658;EB0126073031742667;EB0126073031742670,EB0126072331571364;EB0126072431576986;EB0126073031742502;EB0126073031742511;EB0126073031742547;EB0126073031742550;EB0126073031742556;EB0126073031742562;EB0126073031742589;EB0126073031742592;EB0126073031742607;EB0126073031742610;EB0126073031742613;EB0126073031742616;EB0126073031742634;EB0126073031742646;EB0126073031742655;EB0126073031742658;EB0126073031742667;EB0126073031742670,,136,none,0,0
B,VASC000000327489,已完成,2026-07-30T04:32:32+00:00,USKY5,EB0126072431576851;EB0126072431576908;EB0126072431576914;EB0126072431576923,EB0126072431576851;EB0126072431576908;EB0126072431576914;EB0126072431576923,,202,none,0,0
B,VASC000000327561,已完成,2026-07-30T06:38:02+00:00,USTX,EB0326072531632507,EB0326072531632507,,102,none,0,0
B,VASC000000334053,已完成,2026-08-12T02:35:26+00:00,USKY3,EB0126080431884807,EB0126080431884807,,203,none,0,0
B,VASC000000335232,已完成,2026-08-13T10:39:57+00:00,USKY3,EB0126080431885755;EB0126080431885857,EB0126080431885755;EB0126080431885857,,301,none,0,0
B,VASC000000338922,已完成,2026-08-20T07:30:23+00:00,EWD,,EB0126081932313822,,175,none,0,0
B,VASC000000341349,已完成,2026-08-25T01:50:42+00:00,EWD,,EB0126082132386560,,202,none,0,0
B,VASC000000341970,已完成,2026-08-26T01:16:22+00:00,EWD,,EB0126082132386752,,213,none,0,0
F-001,VASC000000270696,已取消,2026-04-23T02:23:27+00:00,US0001,,,,6,feishu,0,1
F-001,VASC000000271086,已完成,2026-04-23T08:51:23+00:00,USKY5,EB0326041828891836,EB0326041828891836,WI48607531;WI48607566;WI48607591;WI48607621;WI48607680;WI48607712;WI48607748;WI48607776;WI48607806;WI49167842;WI49167870;WI49167908;WI49167934;WI49167964;WI49167995;WI49168027;WI49168057;WI49168085,505,feishu,0,1
F-001,VASC000000274815,已完成,2026-04-30T08:12:59+00:00,DEBR2,EB0126042128953771,EB0126042128953771,,147,feishu,0,1
F-001,VASC000000287082,已完成,2026-05-23T06:11:10+00:00,USKY3,EB0126041528803033,EB0126041528803033,WI50073123,451,feishu,0,1
F-001,VASC000000292200,已取消,2026-06-03T05:45:50+00:00,DEBR2,EB0126050729300937,EB0126050729300937,WI50251653,332,feishu,0,1
F-001,VASC000000292350,已完成,2026-06-03T07:50:59+00:00,DEBR2,EB0126050529243448;EB0126050629274111;EB0126050829336904;EB0126050829339373;EB0126050829339553,EB0126050529243448;EB0126050629274111;EB0126050829336904;EB0126050829339373;EB0126050829339553,WI50259337,220,feishu,0,1
F-001,VASC000000297108,已取消,2026-06-11T07:55:53+00:00,US0001,,,WI49846413;WI50413717,203,both,0,1
F-001,VASC000000297120,已取消,2026-06-11T08:06:52+00:00,USKY5,,,WI49846687;WI50413745,196,feishu,0,1
F-001,VASC000000303444,已完成,2026-06-22T08:18:08+00:00,CATO,EB0126060530123423;EB0126060630159375,EB0126060530123423;EB0126060630159375,WI49360111;WI50558640,256,none,0,0
F-001,VASC000000311247,已完成,2026-07-03T02:48:34+00:00,USWC5,EB0126070230950181;EB0126070230950253;EB0126070230950256,EB0126070230950181;EB0126070230950253;EB0126070230950256,WI50828613,149,none,0,0
F-001,VASC000000313455,异常终止,2026-07-07T07:31:01+00:00,USTX,EB0126070431029801,EB0126070431029801,WI50882102,104,none,0,0
F-001,VASC000000314100,已完成,2026-07-08T05:33:25+00:00,US0001,,,WI50092861;WI50924885,219,feishu,0,1
F-001,VASC000000317712,已完成,2026-07-14T08:44:15+00:00,EWD,EB0126071431256670,EB0126071431256670,WI51041491,183,none,0,0
F-001,VASC000000319107,已取消,2026-07-16T02:31:15+00:00,USWC2,EB0326071631317501,EB0326071631317501,WI51088713,138,feishu,0,2
F-001,VASC000000319344,异常终止,2026-07-16T06:45:23+00:00,USWC5,EB0126071031172379,EB0126071031172379,WI51030515,104,feishu,0,2
F-001,VASC000000319377,异常终止,2026-07-16T07:08:31+00:00,USWC5,EB0126071031172253,EB0126071031172253,WI51031384,104,feishu,0,2
F-001,VASC000000321210,异常终止,2026-07-20T05:35:55+00:00,USWC5,EB0126071031172115,EB0126071031172115,WI51032166,123,feishu,0,2
F-001,VASC000000321231,异常终止,2026-07-20T05:39:15+00:00,USWC5,EB0126071031171770,EB0126071031171770,WI51032580,158,feishu,0,2
F-001,VASC000000321243,异常终止,2026-07-20T05:41:41+00:00,USWC5,EB0126071031171575,EB0126071031171575,WI51035101,104,feishu,0,2
F-001,VASC000000323364,已完成,2026-07-23T02:21:50+00:00,USWC2,EB0326071631317501,EB0326071631317501,WI51088713,151,feishu,0,2
F-001,VASC000000323808,已完成,2026-07-23T10:11:39+00:00,USKY3,,EB0126072131489380,,213,none,0,0
F-001,VASC000000324960,已完成,2026-07-27T02:37:12+00:00,USWC2,EB0126072231519713,EB0126072231519713,WI51317552,335,feishu,0,1
F-001,VASC000000326061,已完成,2026-07-28T06:41:47+00:00,USKY5,EB0326072531612017,EB0326072531612017,WI51383191;WI51383223,338,none,0,0
F-001,VASC000000327915,异常终止,2026-07-30T11:10:57+00:00,UKTW,EB0126073031771815,EB0126073031771815,WI51435513,284,none,0,0
F-001,VASC000000327963,已完成,2026-07-30T16:35:43+00:00,UKTW,EB0126073131780146,EB0126073131780146,WI51435513,282,none,0,0
F-001,VASC000000328776,已完成,2026-08-01T08:52:12+00:00,USKY5,EB0326073031762143,EB0326073031762143,WI51496297;WI51496327;WI51496354,294,none,0,0
F-001,VASC000000332778,已取消,2026-08-10T06:28:06+00:00,EWD,,EB0126080632030982,WI51547628,214,none,0,0
F-001,VASC000000332907,已完成,2026-08-10T08:08:09+00:00,USKY5,EB0326080832092023,EB0326080832092023,WI51678097;WI51678158,255,none,0,0
F-001,VASC000000332922,已完成,2026-08-10T08:17:48+00:00,USKY5,EB0326080832091342,EB0326080832091342,WI51678307;WI51678361;WI51678423;WI51678488;WI51678512,495,none,0,0
F-001,VASC000000333147,已完成,2026-08-11T01:17:36+00:00,EWD,,EB0126080632030982,WI51547628,232,none,0,0
F-001,VASC000000333237,已取消,2026-08-11T02:36:08+00:00,USKY3,EB0126080431885716;EB0126080431885725,EB0126080431885716;EB0126080431885725,WI51699695,137,none,0,0
F-001,VASC000000334098,已完成,2026-08-12T03:15:47+00:00,US0001,EB0126081132122773,EB0126081132122773,WI51743554,172,none,0,0
F-001,VASC000000335325,已完成,2026-08-14T01:11:13+00:00,USKY5,EB0126081432228529,EB0126081432228529,WI51812916,298,none,0,0
F-001,VASC000000342681,已下单,2026-08-26T09:50:42+00:00,USKY5,EB0326082332413272,EB0326082332413272,WI52040826;WI52040851;WI52069263,330,none,0,0
F-001,VASC000000343821,异常终止,2026-08-28T04:05:39+00:00,CATO,EB0126082632490213,EB0126082632490213,WI52118288,249,none,0,0
F-001,VASC000000344421,已完成,2026-08-28T11:55:06+00:00,DENW3,EB0126081032120532,EB0126081032120532,WI52155061;WI52155663,326,none,0,0
